1128,630,1
1181,680,80
1221,720,106
1177,752,140
1139,770,174
1066,709,209
1004,649,242
991,585,283
1017,634,310
1020,579,346
1034,611,377
1032,650,416
1001,626,446
1033,658,482
1019,705,513
1019,718,549
998,719,582
1042,767,616
1136,758,658
1217,753,685
1271,755,720
1337,750,753
1366,669,786
1414,634,824
1422,642,854
1349,674,890
1286,679,922
1259,706,961
1222,726,992
1130,687,1026
1122,621,1057
1151,633,1092
1197,647,1127
1241,633,1169
1296,581,1193
1346,673,1233
1357,666,1265
1405,737,1297
1381,710,1330
1393,674,1365
1451,705,1399
1443,675,1432
1458,643,1469
1450,629,1500
1531,628,1540
1589,636,1572
1632,608,1601
1681,620,1635
1730,641,1673
1769,623,1705
1780,660,1745
1825,643,1777
1852,688,1810
1862,685,1841
1891,682,1882
1844,746,1910
1788,781,1943
1754,830,1984
1725,873,2012
1689,918,2060
1648,936,2103
1641,963,2147
1430,911,2508
1247,816,2563
964,757,2619
718,674,2670
523,556,2704
352,510,2734
234,488,2761
117,470,2790
55,465,2831
26,463,2860
-21,437,2898
-25,413,2928
-16,400,2961
-8,392,2996
46,362,3029
71,337,3064
96,341,3099
122,326,3132
176,298,3166
274,357,3201
462,271,3234
639,287,3268
788,340,3302
969,307,3337
1179,346,3369
1335,371,3404
1454,383,3441
1560,386,3474
1631,403,3505
1669,468,3546
1673,437,3578
1675,461,3608
1727,514,3642
1728,504,3676
1717,551,3710
1700,519,3744
1677,536,3778
1679,512,3812
1625,511,3846
1559,552,3882
1520,581,3922
1507,512,3947
1527,557,3985
1522,555,4016
1511,552,4058
1494,540,4088
1418,512,4130
1350,483,4157
1224,449,4186
1085,439,4226
982,451,4253
892,438,4289
840,414,4322
803,404,4372
779,397,4389
753,380,4432
654,445,4464
557,440,4493
490,418,4525
402,390,4562
340,411,4594
303,379,4633
285,357,4663
268,329,4697
291,342,4745
316,354,4764
314,309,4801
315,272,4830
354,265,4866
373,275,4914
371,294,4938
400,310,4987
465,342,5011
472,382,5036
534,416,5082
625,385,5108
697,362,5149
684,379,5172
668,371,5216
676,387,5243
656,417,5282
620,425,5314
611,456,5341
595,461,5382
525,481,5411
506,496,5444
482,539,5485
491,590,5514
500,551,5547
536,542,5583
565,536,5614
581,501,5652
662,538,5682
698,540,5716
669,564,5761
603,606,5787
551,612,5819
567,565,5858
570,566,5890
576,545,5922
619,478,5953
599,471,5991
642,479,6024
674,465,6065
687,471,6094
718,476,6128
722,494,6161
721,479,6191
708,487,6226
686,503,6263
648,484,6294
582,465,6333
570,428,6364
525,428,6394
593,417,6434
605,411,6464
641,363,6497
640,370,6532
639,413,6566
604,441,6614
628,462,6638
756,460,6680
935,393,6703
1124,420,6746
1262,472,6774
1360,489,6804
1455,437,6838
1547,395,6886
1603,380,6914
1635,339,6948
1653,318,6977
1686,339,7009
1700,333,7048
1714,327,7077
1714,368,7111
1693,353,7145
1687,395,7189
1671,402,7216
1692,415,7247
1658,442,7282
1646,489,7314
1628,496,7348
1604,520,7387
1598,533,7416
1586,554,7458
1582,548,7485
1595,532,7522
1583,506,7550
1528,478,7596
1523,443,7620
1503,430,7657
1503,440,7698
1481,419,7729
1468,424,7760
1445,424,7789
1453,437,7825
1453,409,7858
1442,398,7898
1440,425,7926
1405,423,7964
1431,431,7995
1418,420,8033
1408,471,8064
1268,531,8098
1149,572,8130
1026,595,8167
975,628,8199
945,621,8240
873,633,8265
772,642,8305
746,644,8336
673,641,8366
650,635,8402
583,633,8445
578,656,8481
576,661,8509
553,646,8539
545,662,8580
512,663,8614
511,661,8645
520,652,8676
486,596,8716
446,589,8742
437,549,8780
396,562,8811
378,532,8854
406,495,8878
500,548,8916
636,591,8948
753,552,8981
794,550,9023
804,543,9050
774,558,9082
759,585,9122
732,584,9157
703,563,9188
660,552,9221
627,507,9252
595,484,9298
550,461,9327
528,446,9361
500,441,9390
501,451,9426
595,445,9458
704,442,9489
706,474,9533
705,503,9556
714,512,9599
714,546,9627
769,554,9666
780,604,9698
761,633,9730
744,656,9760
672,656,9797
601,689,9834
552,711,9866
504,735,9908
471,737,9933
445,736,9968
436,724,10001
512,723,10034
781,666,10069
1020,662,10115
1175,662,10139
1277,643,10178
1381,643,10208
1476,645,10248
1560,646,10277
1604,690,10306
1619,698,10342
1634,681,10382
1662,665,10411
1651,640,10445
1656,640,10483
1651,611,10511
1635,642,10545
1626,588,10580
1620,613,10613
1570,641,10654
1545,665,10682
1534,675,10718
1503,638,10758
1478,617,10782
1465,568,10816
1476,561,10863
1476,618,10887
1526,670,10930
1569,715,10955
1477,694,10986
1372,665,11026
1289,615,11054
1326,607,11090
1322,583,11127
1344,556,11156
1385,560,11199
1419,573,11231
1411,623,11258
1430,699,11295
1430,745,11330
1429,783,11360
1446,781,11394
1436,812,11432
1459,804,11471
1461,778,11500
1445,793,11533
1448,819,11564
1462,800,11598
1435,815,11634
1383,854,11666
1232,827,11714
1100,851,11739
974,886,11782
888,889,11807
757,878,11839
679,957,11874
575,1050,11903
521,1110,11946
514,1106,11975
460,1137,12016
426,1132,12049
400,1128,12077
388,1136,12116
405,1153,12149
389,1116,12182
391,1080,12216
424,1058,12244
484,1035,12283
520,1033,12312
579,1015,12348
621,1016,12390
624,1032,12417
624,1033,12449
658,1043,12482
623,1064,12524
639,1048,12556
787,1034,12586
1011,1061,12626
1199,1085,12656
1349,1039,12699
1474,1037,12722
1568,1026,12765
1628,996,12788
1647,981,12832
1704,997,12856
1713,1000,12898
1716,995,12930
1704,967,12962
1717,939,12994
1725,943,13026
1701,994,13102
1713,998,13128
1708,989,13165
1686,970,13196
1678,983,13234
1658,1031,13266
1687,1070,13298
1663,1093,13333
1698,1091,13371
1687,1094,13402
1685,1078,13434
1664,1076,13475
1647,1109,13506
1632,1136,13534
1639,1146,13570
1626,1173,13604
1632,1144,13641
1633,1160,13672
1594,1172,13713
1602,1167,13755
1599,1172,13778
1603,1216,13817
1605,1258,13845
1620,1373,13883
1639,1520,13916
1614,1583,13950
1628,1643,13990
1602,1628,14012
1619,1625,14050
1593,1559,14083
1537,1507,14116
1533,1420,14150
1511,1355,14183
1483,1300,14216
1475,1312,14250
1397,1222,14299
1254,1203,14324
1119,1164,14366
1004,1129,14388
928,976,14433
883,980,14456
837,941,14498
777,911,14519
715,897,14562
668,931,14594
625,955,14626
596,975,14656
594,1041,14699
596,1090,14733
609,1111,14765
631,1107,14800
658,1160,14833
696,1202,14863
687,1231,14898
703,1255,14929
675,1264,14969
692,1289,15002
704,1318,15033
717,1347,15074
729,1369,15102
741,1363,15136
755,1352,15170
718,1357,15202
748,1342,15236
735,1341,15271
743,1326,15313
847,1308,15354
912,1327,15376
999,1306,15416
1042,1288,15446
1134,1267,15478
1143,1291,15508
974,1283,15549
842,1269,15580
757,1248,15611
662,1229,15653
588,1219,15684
550,1195,15715
500,1226,15746
465,1239,15787
398,1249,15819
364,1270,15858
340,1288,15880
346,1274,15922
420,1272,15953
621,1275,15995
766,1295,16018
883,1296,16057
957,1305,16088
1018,1304,16122
1054,1290,16159
1034,1272,16190
1030,1280,16226
1115,1237,16258
1159,1230,16293
1191,1211,16325
1192,1209,16367
1221,1226,16397
1211,1233,16434
1218,1199,16466
1218,1194,16498
1221,1144,16530
1182,1150,16562
1212,1167,16605
1208,1167,16637
1198,1213,16667
1207,1240,16696
1206,1201,16738
1251,1183,16767
1264,1201,16800
1264,1221,16834
1292,1218,16874
1297,1213,16905
1250,1231,16936
1238,1239,16978
1215,1263,17008
1165,1280,17039
1149,1311,17081
1127,1290,17106
1156,1285,17142
1158,1282,17184
1201,1272,17215
1249,1251,17246
1275,1231,17277
1285,1207,17318
1288,1184,17349
1319,1167,17381
1330,1141,17422
1324,1127,17445
1192,1125,17484
1093,1127,17515
967,1123,17557
890,1111,17589
810,1095,17620
770,1117,17661
753,1136,17685
727,1142,17723
693,1151,17762
673,1154,17787
666,1151,17824
633,1115,17856
585,1121,17897
519,1147,17921
459,1144,17961
412,1152,17992
416,1195,18033
410,1196,18065
409,1240,18098
394,1245,18131
558,1293,18162
744,1257,18194
892,1222,18228
996,1234,18259
1113,1227,18302
1163,1215,18334
1097,1205,18370
1036,1201,18402
1025,1195,18434
983,1207,18466
951,1183,18501
910,1148,18539
878,1130,18570
847,1094,18602
804,1110,18643
782,1140,18671
778,1115,18705
822,1103,18738
845,1145,18772
864,1148,18809
898,1188,18840
967,1165,18882
950,1170,18923
1034,1154,18947
1176,1229,18976
1280,1290,19017
1352,1359,19047
1399,1392,19079
1436,1352,19119
1480,1358,19151
1503,1343,19182
1560,1312,19214
1581,1306,19255
1618,1280,19286
1639,1286,19318
1644,1269,19360
1604,1262,19383
1585,1244,19421
1532,1259,19452
1554,1263,19495
1476,1258,19525
1244,1238,19556
1018,1262,19588
838,1278,19626
679,1280,19661
602,1306,19691
457,1281,19726
373,1267,19762
320,1264,19792
277,1273,19826
250,1281,19864
247,1285,19897
250,1298,19938
329,1291,19963
489,1330,20001
589,1329,20032
662,1319,20066
742,1303,20098
778,1276,20132
783,1231,20166
791,1231,20207
817,1210,20238
855,1218,20268
842,1240,20306
862,1241,20338
859,1257,20370
854,1279,20405
920,1289,20448
990,1295,20478
1080,1286,20509
1157,1308,20541
1195,1308,20582
1166,1337,20613
1114,1324,20643
1124,1215,20676
1141,1148,20716
1236,1098,20749
1291,1121,20783
1288,1144,20816
1286,1215,20849
1288,1215,20883
1309,1252,20917
1347,1245,20947
1335,1284,20985
1333,1330,21016
1300,1380,21057
1285,1397,21098
1260,1437,21121
1243,1451,21161
1245,1461,21191
1196,1426,21220
1217,1444,21254
1201,1436,21295
1214,1450,21326
1164,1426,21362
1147,1408,21394
1115,1399,21428
1099,1415,21460
1073,1402,21501
1054,1407,21532
1041,1421,21570
1022,1428,21593
928,1383,21634
850,1344,21664
790,1321,21697
751,1303,21731
746,1301,21764
716,1285,21801
745,1304,21830
701,1288,21874
666,1276,21903
579,1289,21936
519,1309,21970
484,1300,22002
458,1303,22037
449,1325,22072
456,1318,22113
450,1306,22154
474,1309,22177
609,1312,22216
814,1322,22242
1028,1324,22274
1185,1352,22308
1318,1369,22350
1431,1402,22381
1474,1421,22412
1453,1408,22445
1379,1389,22485
1301,1408,22517
1177,1382,22547
1125,1383,22589
1062,1382,22630
1033,1372,22653
1023,1390,22722
936,1409,22754
893,1416,22784
846,1410,22825
829,1419,22856
835,1423,22887
825,1410,22928
801,1387,22960
824,1411,22994
821,1443,23031
867,1422,23064
876,1440,23094
864,1475,23125
955,1435,23167
1068,1423,23198
1190,1449,23231
1273,1482,23266
1369,1471,23298
1500,1472,23331
1534,1470,23362
1593,1452,23396
1636,1437,23435
1652,1429,23469
1661,1419,23499
1643,1421,23538
1610,1435,23570
1555,1438,23602
1467,1465,23634
1468,1502,23669
1433,1616,23706
1402,1694,23749
1407,1722,23772
1347,1811,23804
1372,1911,23843
1455,1940,23874
1421,1975,23907
1408,1964,23949
1411,1971,23983
1445,1951,24011
1420,1898,24050
1407,1876,24083
1383,1866,24116
1394,1852,24150
1471,1803,24183
1504,1788,24216
1557,1792,24247
1605,1762,24283
1650,1741,24314
1686,1741,24348
1695,1747,24383
1713,1776,24424
1733,1786,24449
1732,1807,24487
1754,1777,24518
1761,1783,24558
1781,1796,24589
1767,1776,24620
1765,1762,24661
1777,1731,24692
1766,1735,24733
1741,1696,24756
1742,1702,24796
1725,1703,24826
1708,1749,24866
1701,1769,24896
1700,1802,24930
1682,1837,24963
1681,1852,25001
1673,1828,25031
1660,1827,25063
1666,1814,25103
1566,1802,25134
1453,1838,25170
1388,1801,25202
1343,1790,25234
1310,1780,25264
1228,1759,25323
1206,1788,25336
1138,1732,25383
1085,1684,25403
1003,1590,25442
887,1579,25474
781,1588,25506
698,1598,25536
607,1621,25573
530,1638,25610
479,1685,25641
433,1730,25682
407,1764,25714
385,1799,25746
346,1815,25776
310,1830,25808
332,1812,25858
352,1812,25880
361,1842,25919
392,1847,25951
425,1848,25981
461,1827,26023
438,1818,26054
504,1862,26085
675,1847,26125
856,1877,26157
989,1860,26187
1092,1874,26219
1168,1909,26261
1194,1951,26291
1230,1932,26323
1231,1932,26353
1249,1914,26395
1260,1920,26426
1248,1994,26457
1227,2063,26498
1155,2090,26528
1136,2324,26562
1202,2397,26600
1247,2452,26633
1196,2459,26666
1184,2480,26700
1185,2471,26733
1212,2429,26766
1214,2440,26800
1227,2395,26833
1252,2372,26866
1178,2345,26898
1180,2331,26933
1142,2376,26966
1116,2357,26997
1084,2345,27042
1033,2335,27072
1059,2388,27106
1048,2387,27138
980,2396,27170
1000,2388,27213
1024,2402,27244
928,2381,27276
901,2370,27307
841,2383,27349
781,2361,27380
721,2349,27410
673,2383,27440
641,2376,27493
585,2344,27515
520,2316,27554
478,2275,27578
429,2286,27616
414,2290,27648
384,2283,27689
382,2298,27720
362,2299,27752
403,2366,27783
407,2371,27824
430,2406,27856
419,2418,27887
466,2489,27918
517,2489,27959
443,2504,27990
521,2523,28021
510,2477,28063
578,2476,28093
679,2534,28122
737,2584,28165
795,2666,28200
836,2652,28228
912,2661,28266
946,2636,28299
974,2633,28333
1041,2607,28364
1027,2632,28400
954,2613,28433
864,2582,28466
794,2559,28499
751,2538,28528
675,2547,28574
610,2556,28598
630,2566,28635
576,2568,28667
578,2551,28700
610,2571,28738
721,2579,28770
790,2611,28803
911,2625,28836
1012,2652,28874
1068,2651,28906
1101,2692,28942
1124,2727,28976
1194,2727,29010
1192,2747,29041
1216,2731,29074
1179,2739,29109
1198,2774,29142
1213,2726,29177
1224,2750,29218
1196,2753,29243
1228,2735,29281
1229,2704,29321
1241,2681,29352
1261,2660,29384
1278,2668,29415
1197,2701,29456
990,2688,29488
930,2690,29519
899,2734,29550
892,2713,29593
714,2712,29623
604,2697,29664
520,2726,29687
406,2704,29726
389,2720,29756
359,2759,29787
313,2854,29833
306,2928,29858
346,3133,29900
383,3168,29925
418,3176,29966
417,3167,29995
470,3175,30033
513,3203,30066
484,3211,30099
539,3189,30131
545,3167,30164
514,3174,30200
507,3144,30233
519,3174,30266
481,3173,30299
493,3187,30333
482,3152,30366
484,3109,30402
516,3137,30432
532,3117,30485
505,3073,30508
515,3056,30548
524,3042,30570
527,3017,30609
528,3043,30642
515,3075,30672
559,3077,30706
557,3084,30741
572,3077,30784
572,3051,30815
645,3096,30846
796,3073,30877
919,3053,30919
1049,3053,30949
1126,3053,30979
1174,3100,31013
1187,3088,31052
1147,3124,31083
1211,3170,31114
1160,3196,31155
1167,3191,31187
1187,3184,31218
1210,3225,31259
1224,3198,31290
1216,3194,31321
1196,3203,31353
1172,3218,31394
1151,3234,31426
1128,3258,31466
1091,3248,31490
1050,3241,31529
1011,3237,31561
915,3231,31592
757,3219,31633
634,3214,31658
568,3226,31696
523,3198,31727
465,3164,31769
396,3127,31800
343,3086,31831
351,3100,31871
349,3117,31895
327,3102,31933
351,3107,31964
349,3120,32002
333,3101,32034
438,3125,32103
460,3112,32137
497,3122,32170
523,3151,32210
564,3164,32242
689,3156,32275
703,3180,32306
778,3110,32339
803,3049,32373
811,2922,32408
752,2895,32447
716,2897,32481
711,2909,32512
705,2923,32540
632,2903,32578
559,2901,32611
523,2860,32645
486,2883,32687
500,2881,32717
681,2926,32749
819,2987,32780
986,3009,32822
1074,3029,32852
1149,3052,32882
1205,3068,32924
1243,3045,32955
1263,3073,32986
1300,3087,33018
1319,3081,33059
1364,3061,33091
1310,3081,33122
1284,3096,33163
1244,3183,33194
1212,3195,33222
1192,3208,33267
1178,3207,33291
1154,3214,33333
1160,3208,33367
1182,3203,33400
1175,3227,33433
1058,3190,33460
940,3160,33506
849,3155,33530
783,3170,33569
716,3157,33599
669,3152,33634
599,3150,33666
551,3139,33699
516,3130,33730
486,3116,33774
528,3096,33804
611,3147,33836
705,3142,33875
684,3085,33907
665,3036,33936
677,2990,33969
673,2984,34005
665,3044,34043
624,3064,34073
575,3094,34114
533,3121,34144
521,3131,34177
529,3129,34208
539,3134,34243
552,3218,34277
545,3238,34320
552,3203,34344
553,3278,34384
528,3232,34415
531,3236,34450
542,3231,34486
554,3288,34518
546,3341,34548
590,3455,34594
583,3550,34621
595,3613,34654
544,3639,34687
499,3634,34733
486,3610,34757
519,3632,34787
526,3626,34833
545,3653,34856
578,3571,34891
582,3482,34922
578,3402,34963
593,3348,35004
628,3297,35028
610,3260,35066
639,3319,35098
645,3306,35126
671,3331,35160
662,3331,35202
701,3334,35233
634,3374,35267
612,3381,35305
573,3374,35336
547,3366,35368
546,3359,35399
576,3312,35440
544,3273,35472
555,3274,35507
543,3275,35539
558,3267,35571
516,3311,35603
507,3312,35636
533,3397,35678
556,3469,35706
562,3544,35739
591,3577,35779
592,3583,35811
668,3533,35843
637,3552,35875
653,3605,35909
642,3548,35945
613,3575,35986
653,3544,36010
711,3490,36048
746,3495,36079
799,3451,36113
861,3421,36147
858,3417,36181
845,3387,36224
863,3326,36248
851,3305,36286
838,3304,36317
832,3342,36354
781,3310,36390
734,3317,36420
713,3391,36456
696,3404,36493
703,3399,36524
679,3374,36555
683,3378,36596
708,3380,36627
720,3390,36659
721,3404,36700
852,3413,36723
922,3374,36762
990,3368,36803
1033,3368,36825
1048,3378,36865
1081,3415,36896
1097,3429,36937
1069,3421,36968
1115,3426,36999
1160,3513,37033
1137,3534,37067
1156,3550,37100
1175,3560,37133
1190,3537,37166
1163,3516,37200
1163,3493,37235
1127,3481,37268
1114,3468,37315
1082,3449,37337
1096,3422,37375
980,3421,37405
830,3511,37442
730,3540,37475
663,3613,37507
613,3678,37541
570,3704,37582
534,3695,37613
527,3685,37645
479,3701,37676
453,3713,37715
489,3713,37747
523,3711,37777
496,3785,37830
479,3808,37853
493,3809,37879
469,3861,37914
436,3940,37949
440,3985,37983
469,4019,38016
471,3996,38050
485,3912,38083
499,3913,38133
489,3948,38155
480,3950,38195
520,3993,38236
528,3995,38259
529,3999,38288
550,3982,38329
571,3966,38359
573,3966,38391
587,3962,38432
623,3892,38458
593,3770,38504
590,3743,38527
552,3686,38567
510,3658,38598
502,3632,38629
495,3688,38671
477,3764,38702
468,3765,38738
471,3820,38771
476,3815,38803
497,3848,38833
487,3870,38883
478,3888,38904
461,3838,38938
478,3864,38968
471,3812,39010
496,3815,39042
488,3864,39075
483,3877,39107
480,3887,39137
445,3873,39171
531,3782,39229
572,3795,39242
608,3837,39283
637,3873,39308
659,3832,39347
644,3798,39379
660,3803,39411
670,3831,39445
639,3844,39488
637,3854,39514
698,3840,39551
804,3909,39583
849,3856,39614
898,3804,39655
923,3707,39683
942,3662,39715
886,3663,39760
821,3658,39791
763,3613,39822
699,3597,39853
674,3647,39894
695,3646,39926
694,3629,39957
709,3618,39998
670,3669,40029
702,3662,40060
749,3649,40091
769,3606,40133
828,3612,40165
845,3617,40195
866,3644,40226
898,3635,40262
908,3619,40299
897,3619,40330
916,3628,40371
930,3635,40400
917,3626,40433
961,3610,40465
1021,3608,40506
1132,3639,40536
1226,3632,40567
1244,3597,40609
1259,3619,40633
1286,3635,40672
1306,3629,40702
1325,3608,40739
1306,3605,40771
1311,3573,40803
1330,3637,40858
1351,3645,40871
1377,3669,40915
1397,3688,40938
1367,3688,40979
1389,3696,41011
1405,3702,41041
1422,3699,41096
1439,3720,41111
1465,3712,41158
1493,3740,41180
1459,3719,41219
1433,3678,41251
1410,3643,41280
1414,3623,41315
1399,3621,41349
1415,3624,41386
1452,3676,41418
1340,3684,41458
1396,3687,41500
1454,3693,41522
1508,3715,41552
1315,3674,41593
1093,3719,41664
857,3709,41688
726,3770,41726
583,3769,41766
476,3794,41798
393,3780,41838
336,3818,41865
286,3833,41900
289,3853,41930
314,3849,41961
351,3827,42002
406,3804,42033
427,3799,42074
405,3809,42099
398,3828,42136
393,3810,42167
441,3775,42199
454,3736,42241
454,3742,42272
458,3739,42307
440,3732,42339
436,3746,42371
437,3715,42403
439,3690,42437
448,3695,42470
538,3664,42512
537,3664,42543
552,3666,42579
522,3750,42611
511,3760,42643
524,3806,42673
512,3866,42709
491,3862,42750
478,3882,42775
471,3904,42816
456,3908,42847
451,3915,42883
441,3891,42915
433,3870,42944
462,3880,42979
426,3872,43014
435,3859,43052
458,3851,43083
443,3849,43124
475,3816,43155
446,3859,43186
440,3853,43218
466,3823,43269
487,3849,43291
488,3853,43331
505,3892,43354
470,3859,43393
512,3914,43425
534,3908,43466
556,3945,43497
595,3970,43537
612,3975,43559
627,3976,43598
608,4019,43630
585,4044,43660
579,4033,43701
582,4030,43732
582,4038,43764
588,4028,43805
578,3974,43836
587,3900,43867
626,3894,43908
636,3838,43939
652,3824,43971
630,3792,44003
609,3767,44039
600,3775,44072
625,3757,44103
713,3764,44144
735,3754,44175
781,3770,44211
778,3752,44243
845,3726,44275
952,3720,44307
1066,3701,44339
1105,3673,44395
1116,3672,44409
1120,3672,44449
1122,3651,44483
1126,3687,44515
1214,3679,44547
1246,3691,44579
1287,3715,44611
1299,3717,44662
1284,3754,44684
1337,3754,44715
1391,3771,44757
1385,3765,44789
1398,3749,44820
1407,3735,44849
1405,3733,44883
1302,3748,44917
1131,3795,44955
1010,3800,44986
897,3811,45027
828,3849,45059
776,3872,45090
721,3872,45131
743,3866,45162
788,3840,45203
874,3845,45226
907,3871,45266
1005,3843,45296
1017,3839,45328
1043,3854,45370
987,3883,45397
1115,3914,45431
1172,3940,45462
1175,3930,45504
1207,3947,45535
1253,3894,45571
1299,3903,45603
1335,3941,45635
1357,3964,45667
1351,4014,45700
1382,4122,45733
1390,4109,45779
1398,4107,45802
1397,4096,45843
1394,4086,45867
1284,4132,45907
1189,4226,45935
1064,4316,45971
954,4355,46014
823,4414,46050
735,4437,46074
668,4396,46115
573,4357,46147
540,4327,46179
479,4312,46208
444,4294,46243
442,4273,46293
487,4233,46316
527,4161,46355
565,4122,46385
600,4092,46412
632,4093,46449
645,4094,46483
599,4091,46515
618,4097,46549
631,4106,46593
561,4110,46624
616,4072,46655
623,4077,46686
638,4061,46727
645,4044,46768
751,4046,46791
974,4022,46830
1137,4013,46861
1287,3973,46892
1400,3968,46933
1467,3949,46964
1535,3923,47004
1495,3939,47028
1473,3941,47066
1507,3948,47097
1500,3940,47129
1452,3947,47170
1368,3955,47201
1359,3966,47241
1318,3990,47265
1346,3955,47303
1353,3988,47334
1267,4021,47366
1311,3985,47406
1370,3974,47439
1328,3975,47475
1341,3968,47507
1330,4029,47539
1298,4050,47572
1271,4068,47601
1275,4023,47646
1300,4013,47676
1241,4085,47706
1233,4074,47748
1210,4066,47779
1182,4116,47811
1159,4158,47841
1166,4188,47875
1197,4201,47934
1229,4223,47948
1269,4221,47995
1260,4224,48019
1251,4226,48044
1271,4230,48083
1229,4250,48115
1194,4266,48145
1150,4271,48200
1126,4263,48223
1170,4259,48253
1165,4315,48284
1226,4304,48326
1303,4284,48358
1353,4230,48400
1384,4166,48422
1443,4107,48462
1500,4059,48494
1532,4041,48525
1544,4006,48566
1563,3971,48597
1602,3996,48628
1628,3972,48660
1613,3968,48692
1603,3966,48732
1591,3997,48764
1584,3984,48795
1556,4007,48836
1542,4002,48867
1524,4024,48908
1558,4058,48931
1536,4086,48970
1531,4109,49001
1556,4076,49031
1527,4074,49073
1479,4052,49108
1480,4020,49139
1456,4058,49171
1436,4092,49205
1429,4100,49238
1380,4098,49280
1405,4105,49304
1387,4106,49341
1285,4109,49373
1128,4138,49410
1001,4191,49443
842,4247,49475
696,4261,49507
692,4239,49558
590,4256,49580
557,4283,49607
476,4301,49650
428,4336,49682
427,4362,49715
453,4301,49748
461,4268,49779
497,4234,49814
518,4232,49848
525,4245,49890
528,4241,49930
528,4263,49957
533,4255,49992
530,4241,50019
536,4266,50054
561,4237,50086
549,4301,50127
553,4269,50159
559,4236,50189
546,4279,50230
603,4251,50261
635,4238,50293
676,4233,50334
742,4185,50357
751,4192,50395
772,4191,50426
776,4190,50467
787,4185,50498
783,4208,50540
787,4184,50562
769,4182,50601
781,4168,50632
769,4161,50672
778,4135,50703
797,4130,50739
835,4099,50771
849,4084,50807
832,4086,50838
857,4118,50870
864,4117,50911
862,4147,50942
879,4154,50979
897,4146,51011
888,4150,51043
930,4130,51076
940,4124,51107
912,4137,51139
920,4091,51189
927,4053,51209
887,4066,51278
852,4088,51311
849,4060,51347
809,4045,51379
875,4085,51411
982,4115,51466
1073,4140,51480
1127,4159,51528
1228,4138,51551
1309,4137,51589
1371,4122,51619
1260,4229,51651
1088,4275,51683
949,4313,51717
845,4333,51755
762,4348,51796
683,4359,51820
635,4349,51857
599,4351,51899
709,4367,51922
867,4369,51960
1040,4342,51990
1163,4329,52032
1249,4338,52063
1326,4347,52094
1379,4331,52135
1407,4344,52159
1408,4355,52199
1244,4450,52230
1086,4518,52270
924,4612,52298
801,4668,52333
688,4741,52366
593,4812,52400
491,4814,52433
431,4816,52467
440,4839,52499
440,4898,52533
455,4857,52579
482,4844,52603
484,4825,52644
495,4824,52669
497,4849,52707
478,4787,52739
487,4755,52779
502,4748,52812
513,4704,52852
523,4667,52873
536,4672,52908
578,4675,52947
624,4657,52978
656,4665,53011
657,4673,53044
670,4683,53101
668,4672,53116
647,4676,53163
628,4681,53184
791,4672,53215
966,4634,53251
1120,4615,53283
1258,4605,53316
1308,4591,53370
1343,4580,53384
1368,4564,53431
1381,4565,53453
1435,4558,53493
1400,4549,53524
1462,4595,53555
1526,4702,53587
1558,4762,53622
1595,4818,53666
1637,4918,53700
1672,4960,53725
1670,5004,53763
1676,5054,53800
1722,5045,53833
1478,5074,53865
1244,5082,53899
1026,5089,53933
841,5110,53967
674,5090,53996
545,5066,54034
416,5063,54065
432,5018,54106
401,5022,54138
376,4981,54168
377,4935,54200
302,4906,54243
292,4923,54270
233,4902,54307
300,4923,54339
308,4918,54375
349,4904,54405
388,4915,54439
474,4926,54478
528,4911,54509
600,4914,54547
644,4931,54580
691,4908,54609
726,4907,54643
705,4902,54675
730,4896,54710
770,4872,54745
801,4852,54784
784,4923,54817
863,4916,54851
1084,4870,54883
1262,4813,54915
1387,4788,54947
1523,4813,54982
1622,4820,55024
1710,4837,55056
1785,4860,55087
1824,4900,55119
1844,4908,55160
1895,4923,55187
1887,4912,55219
1935,4906,55254
1935,4927,55294
1905,4937,55324
1857,4875,55365
1865,4924,55396
1871,4946,55428
1832,4996,55459
1792,5021,55500
1578,4982,55531
1345,4985,55572
1137,4964,55593
934,4972,55633
825,4958,55663
700,4956,55704
601,4964,55735
519,4990,55776
453,5004,55798
392,5017,55838
343,5071,55869
318,5068,55899
325,5039,55940
303,5046,55973
301,5063,56003
308,5085,56040
288,5083,56076
280,5088,56116
286,5137,56136
276,5213,56179
268,5296,56212
308,5355,56243
381,5431,56275
419,5475,56308
428,5507,56348
460,5533,56383
436,5521,56417
452,5524,56449
452,5467,56483
498,5477,56513
473,5465,56547
453,5467,56580
471,5475,56614
504,5505,56648
494,5476,56689
484,5451,56719
477,5437,56755
481,5411,56783
499,5415,56820
517,5420,56851
574,5385,56906
619,5327,56919
626,5342,56969
726,5318,56992
1023,5333,57030
1273,5348,57062
1475,5398,57093
1613,5428,57121
1783,5478,57176
1851,5461,57199
1845,5456,57237
1886,5486,57260
1879,5533,57299
1850,5543,57329
1801,5554,57371
1801,5557,57402
1685,5511,57433
1639,5508,57464
1508,5510,57505
1410,5554,57536
1325,5557,57567
1244,5550,57600
1180,5543,57635
1138,5523,57718
1106,5506,57734
1115,5510,57802
985,5491,57851
873,5529,57873
761,5542,57910
703,5602,57942
625,5604,57983
580,5656,58014
539,5649,58051
484,5663,58084
493,5636,58116
472,5653,58148
484,5630,58176
487,5651,58211
488,5615,58246
531,5620,58284
634,5624,58316
707,5598,58354
792,5564,58388
864,5536,58417
873,5494,58450
903,5496,58484
1058,5522,58518
1262,5547,58553
1391,5562,58595
1520,5576,58620
1601,5658,58657
1622,5638,58688
1642,5648,58729
1632,5670,58755
1642,5655,58790
1658,5622,58832
1539,5661,58864
1433,5601,58894
1281,5457,58933
1171,5391,58967
1118,5246,59000
1035,5124,59033
1010,4929,59066
1012,4870,59100
1049,4782,59133
1077,4732,59167
1013,4677,59200
998,4600,59233
1004,4493,59266
999,4195,59300
1040,4025,59333
1138,3973,59380
1235,3966,59403
1323,3916,59444
1394,3903,59468
1399,3886,59516
1411,3855,59539
1398,3795,59573
1421,3626,59617
1445,3540,59641
1506,3390,59683
1599,3345,59716
1670,3397,59748
1735,3405,59780
1819,3450,59812
1856,3492,59844
1879,3531,59884
1855,3577,59914
1910,3597,59950
1943,3613,59983
1914,3616,60017
1850,3704,60050
1672,3797,60083
1543,3777,60116
1362,3872,60150
